{"addresses":7442,"active":2592,"top10":18246660.51095585,"top50":33808362.203324966}